{
   "providers": [
      {
         "type": "space",
         "advances": {
			" ": 4,
			"\u200c": 0,
			"\uF001": -1,
			"\uF002": 14,
			"\uF003": 16,
			"\uF004": 24,
			"\uF005": 64,
			"\uF006": -14,
			"\uF007": -21,
			"\uF008": -57,
			"\uF009": -95,
			"\uF010": -118,
			"\uF011": -66,
			"\uF012": 22,
			"\uF013": 99,
			"\uF014": -62,
			"\uF015": -97,
			"\uF016": -91
		 }
      },
	  {
         "type": "bitmap",
         "file": "minecraft:custom_gui/nav_arrow_1.png",
         "ascent": 26,
		 "height": 32,
         "chars": ["\uE001"],
         "shift": [0.0, 0.0]
      },
      {
         "type": "bitmap",
         "file": "minecraft:custom_gui/nav_arrow_2.png",
         "ascent": 26,
         "height": 32,
         "chars": ["\uE002"],
         "shift": [0.0, 0.0]
      },
      {
         "type": "bitmap",
         "file": "minecraft:custom_gui/nav_arrow_3.png",
         "ascent": 26,
         "height": 32,
         "chars": ["\uE003"],
         "shift": [0.0, 0.0]
      },
      {
         "type": "bitmap",
         "file": "minecraft:custom_gui/nav_arrow_4.png",
         "ascent": 26,
         "height": 32,
         "chars": ["\uE004"],
         "shift": [0.0, 0.0]
      },
      {
         "type": "bitmap",
         "file": "minecraft:custom_gui/nav_arrow_5.png",
         "ascent": 26,
         "height": 32,
         "chars": ["\uE005"],
         "shift": [0.0, 0.0]
      },
      {
         "type": "bitmap",
         "file": "minecraft:custom_gui/nav_arrow_6.png",
         "ascent": 26,
         "height": 32,
         "chars": ["\uE006"],
         "shift": [0.0, 0.0]
      },
      {
         "type": "bitmap",
         "file": "minecraft:custom_gui/nav_arrow_7.png",
         "ascent": 26,
         "height": 32,
         "chars": ["\uE007"],
         "shift": [0.0, 0.0]
      },
      {
         "type": "bitmap",
         "file": "minecraft:custom_gui/nav_arrow_8.png",
         "ascent": 26,
         "height": 32,
         "chars": ["\uE008"],
         "shift": [0.0, 0.0]
      },
      {
         "type": "bitmap",
         "file": "minecraft:custom_gui/nav_arrow_unknown.png",
         "ascent": 26,
         "height": 32,
         "chars": ["\uE009"],
         "shift": [0.0, 0.0]
      },
      {
         "type": "bitmap",
         "file": "minecraft:custom_gui/music_logo_1.png",
         "ascent": 50,
         "height": 50,
         "chars": ["\uE010"],
         "shift": [0.0, 100.0]
      },
      {
         "type": "bitmap",
         "file": "minecraft:custom_gui/music_logo_2.png",
         "ascent": 50,
         "height": 50,
         "chars": ["\uE011"],
         "shift": [0.0, 100.0]
      },
      {
         "type": "bitmap",
         "file": "minecraft:custom_gui/creative_commons.png",
         "ascent": 10,
         "height": 10,
         "chars": ["\uE099"],
         "shift": [0.0, 100.0]
      },
	  {
         "type": "bitmap",
         "file": "minecraft:custom_gui/game_logo.png",
         "ascent": 10,
         "height": 10,
         "chars": ["\uE012"],
         "shift": [0.0, 100.0]
      },
	  {
         "type": "bitmap",
         "file": "minecraft:custom_gui/heart_1.png",
         "ascent": 8,
         "height": 8,
         "chars": ["\uE013"],
         "shift": [0.0, 20.0]
      },
	  {
         "type": "bitmap",
         "file": "minecraft:custom_gui/heart_2.png",
         "ascent": 8,
         "height": 8,
         "chars": ["\uE014"],
         "shift": [0.0, 20.0]
      },
	  {
         "type": "bitmap",
         "file": "minecraft:custom_gui/heart_3.png",
         "ascent": 8,
         "height": 8,
         "chars": ["\uE015"],
         "shift": [0.0, 20.0]
      },
	  {
         "type": "bitmap",
         "file": "minecraft:custom_gui/heart_4.png",
         "ascent": 8,
         "height": 8,
         "chars": ["\uE016"],
         "shift": [0.0, 20.0]
      },
	  {
         "type": "bitmap",
         "file": "minecraft:custom_gui/heart_5.png",
         "ascent": 8,
         "height": 8,
         "chars": ["\uE017"],
         "shift": [0.0, 20.0]
      },
	  {
         "type": "bitmap",
         "file": "minecraft:custom_gui/heart_6.png",
         "ascent": 8,
         "height": 8,
         "chars": ["\uE018"],
         "shift": [0.0, 20.0]
      },
	  {
         "type": "bitmap",
         "file": "minecraft:custom_gui/heart_7.png",
         "ascent": 8,
         "height": 8,
         "chars": ["\uE019"],
         "shift": [0.0, 20.0]
      },
	  {
         "type": "bitmap",
         "file": "minecraft:custom_gui/heart_8.png",
         "ascent": 8,
         "height": 8,
         "chars": ["\uE020"],
         "shift": [0.0, 20.0]
      },
	  {
         "type": "bitmap",
         "file": "minecraft:custom_gui/heart_9.png",
         "ascent": 8,
         "height": 8,
         "chars": ["\uE021"],
         "shift": [0.0, 20.0]
      },
	  {
         "type": "bitmap",
         "file": "minecraft:custom_gui/heart_10.png",
         "ascent": 8,
         "height": 8,
         "chars": ["\uE022"],
         "shift": [0.0, 20.0]
      },
	  {
         "type": "bitmap",
         "file": "minecraft:custom_gui/heart_11.png",
         "ascent": 8,
         "height": 8,
         "chars": ["\uE023"],
         "shift": [0.0, 20.0]
      },
	  {
         "type": "bitmap",
         "file": "minecraft:custom_gui/heart_12.png",
         "ascent": 8,
         "height": 8,
         "chars": ["\uE024"],
         "shift": [0.0, 20.0]
      },
	  {
         "type": "bitmap",
         "file": "minecraft:custom_gui/heart_13.png",
         "ascent": 8,
         "height": 8,
         "chars": ["\uE025"],
         "shift": [0.0, 20.0]
      },
	  {
         "type": "bitmap",
         "file": "minecraft:custom_gui/heart_14.png",
         "ascent": 8,
         "height": 8,
         "chars": ["\uE026"],
         "shift": [0.0, 20.0]
      },
	  {
         "type": "bitmap",
         "file": "minecraft:custom_gui/loading_1.png",
         "ascent": 50,
         "height": 50,
         "chars": ["\uE027"],
         "shift": [0.0, 0.0]
      },
	  {
         "type": "bitmap",
         "file": "minecraft:custom_gui/loading_2.png",
         "ascent": 50,
         "height": 50,
         "chars": ["\uE028"],
         "shift": [0.0, 0.0]
      },
	  {
         "type": "bitmap",
         "file": "minecraft:custom_gui/loading_3.png",
         "ascent": 50,
         "height": 50,
         "chars": ["\uE029"],
         "shift": [0.0, 0.0]
      },
	  {
         "type": "bitmap",
         "file": "minecraft:custom_gui/loading_4.png",
         "ascent": 50,
         "height": 50,
         "chars": ["\uE030"],
         "shift": [0.0, 0.0]
      },
	  {
         "type": "bitmap",
         "file": "minecraft:custom_gui/loading_5.png",
         "ascent": 50,
         "height": 50,
         "chars": ["\uE031"],
         "shift": [0.0, 0.0]
      },
	  {
         "type": "bitmap",
         "file": "minecraft:custom_gui/loading_6.png",
         "ascent": 50,
         "height": 50,
         "chars": ["\uE032"],
         "shift": [0.0, 0.0]
      },
	  {
         "type": "bitmap",
         "file": "minecraft:custom_gui/loading_7.png",
         "ascent": 50,
         "height": 50,
         "chars": ["\uE033"],
         "shift": [0.0, 0.0]
      },
	  {
         "type": "bitmap",
         "file": "minecraft:custom_gui/loading_8.png",
         "ascent": 50,
         "height": 50,
         "chars": ["\uE034"],
         "shift": [0.0, 0.0]
      },
	  {
         "type": "bitmap",
         "file": "minecraft:custom_gui/loading_9.png",
         "ascent": 50,
         "height": 50,
         "chars": ["\uE035"],
         "shift": [0.0, 0.0]
      },
	  {
         "type": "bitmap",
         "file": "minecraft:custom_gui/loading_10.png",
         "ascent": 50,
         "height": 50,
         "chars": ["\uE036"],
         "shift": [0.0, 0.0]
      },
	  {
         "type": "bitmap",
         "file": "minecraft:custom_gui/loading_11.png",
         "ascent": 50,
         "height": 50,
         "chars": ["\uE037"],
         "shift": [0.0, 0.0]
      },
	  {
         "type": "bitmap",
         "file": "minecraft:custom_gui/loading_12.png",
         "ascent": 50,
         "height": 50,
         "chars": ["\uE038"],
         "shift": [0.0, 0.0]
      },
	  {
         "type": "bitmap",
         "file": "minecraft:custom_gui/loading_13.png",
         "ascent": 50,
         "height": 50,
         "chars": ["\uE039"],
         "shift": [0.0, 0.0]
      },
	  {
         "type": "bitmap",
         "file": "minecraft:custom_gui/loading_14.png",
         "ascent": 50,
         "height": 50,
         "chars": ["\uE040"],
         "shift": [0.0, 0.0]
      },
	  {
         "type": "bitmap",
         "file": "minecraft:custom_gui/loading_15.png",
         "ascent": 50,
         "height": 50,
         "chars": ["\uE041"],
         "shift": [0.0, 0.0]
      },
	  {
         "type": "bitmap",
         "file": "minecraft:custom_gui/loading_16.png",
         "ascent": 50,
         "height": 50,
         "chars": ["\uE042"],
         "shift": [0.0, 0.0]
      },
	  {
         "type": "bitmap",
         "file": "minecraft:custom_gui/round_finished.png",
         "ascent": 10,
         "height": 20,
         "chars": ["\uE043"],
         "shift": [0.0, 0.0]
      },
	  {
         "type": "bitmap",
         "file": "minecraft:custom_gui/checkpoint_post.png",
         "ascent": 16,
         "height": 17,
         "chars": ["\uE044"],
         "shift": [0.0, 0.0]
      },
	  {
         "type": "bitmap",
         "file": "minecraft:custom_gui/lap_flag.png",
         "ascent": 8,
         "height": 8,
         "chars": ["\uE045"],
         "shift": [0.0, 20.0]
      },
	  {
         "type": "bitmap",
         "file": "minecraft:custom_gui/little_clock.png",
         "ascent": 8,
         "height": 8,
         "chars": ["\uE046"],
         "shift": [0.0, 20.0]
      },
	  
	  {"type": "bitmap","file": "minecraft:map_preview/0.png","ascent": 10,"height": 100,"chars": ["\uE700"],"shift": [0.0, 0.0]},
	  {"type": "bitmap","file": "minecraft:map_preview/1.png","ascent": 10,"height": 100,"chars": ["\uE701"],"shift": [0.0, 0.0]},
	  {"type": "bitmap","file": "minecraft:map_preview/2.png","ascent": 10,"height": 100,"chars": ["\uE702"],"shift": [0.0, 0.0]},
	  {"type": "bitmap","file": "minecraft:map_preview/3.png","ascent": 10,"height": 100,"chars": ["\uE703"],"shift": [0.0, 0.0]},
	  {"type": "bitmap","file": "minecraft:map_preview/4.png","ascent": 10,"height": 100,"chars": ["\uE704"],"shift": [0.0, 0.0]},
	  {"type": "bitmap","file": "minecraft:map_preview/5.png","ascent": 10,"height": 100,"chars": ["\uE705"],"shift": [0.0, 0.0]},
	  {"type": "bitmap","file": "minecraft:map_preview/6.png","ascent": 10,"height": 100,"chars": ["\uE706"],"shift": [0.0, 0.0]},
	  {"type": "bitmap","file": "minecraft:map_preview/7.png","ascent": 10,"height": 100,"chars": ["\uE707"],"shift": [0.0, 0.0]},
	  {"type": "bitmap","file": "minecraft:map_preview/8.png","ascent": 10,"height": 100,"chars": ["\uE708"],"shift": [0.0, 0.0]},
	  {"type": "bitmap","file": "minecraft:map_preview/9.png","ascent": 10,"height": 100,"chars": ["\uE709"],"shift": [0.0, 0.0]},
	  {"type": "bitmap","file": "minecraft:map_preview/10.png","ascent": 10,"height": 100,"chars": ["\uE710"],"shift": [0.0, 0.0]},
	  {"type": "bitmap","file": "minecraft:map_preview/11.png","ascent": 10,"height": 100,"chars": ["\uE711"],"shift": [0.0, 0.0]},
	  {"type": "bitmap","file": "minecraft:map_preview/12.png","ascent": 10,"height": 100,"chars": ["\uE712"],"shift": [0.0, 0.0]},
	  {"type": "bitmap","file": "minecraft:map_preview/13.png","ascent": 10,"height": 100,"chars": ["\uE713"],"shift": [0.0, 0.0]},
	  {"type": "bitmap","file": "minecraft:map_preview/14.png","ascent": 10,"height": 100,"chars": ["\uE714"],"shift": [0.0, 0.0]},
	  {"type": "bitmap","file": "minecraft:map_preview/15.png","ascent": 10,"height": 100,"chars": ["\uE715"],"shift": [0.0, 0.0]},
	  {"type": "bitmap","file": "minecraft:map_preview/16.png","ascent": 10,"height": 100,"chars": ["\uE716"],"shift": [0.0, 0.0]},
	  {"type": "bitmap","file": "minecraft:map_preview/17.png","ascent": 10,"height": 100,"chars": ["\uE717"],"shift": [0.0, 0.0]},
	  {"type": "bitmap","file": "minecraft:map_preview/18.png","ascent": 10,"height": 100,"chars": ["\uE718"],"shift": [0.0, 0.0]},
	  {"type": "bitmap","file": "minecraft:map_preview/19.png","ascent": 10,"height": 100,"chars": ["\uE719"],"shift": [0.0, 0.0]},
	  {"type": "bitmap","file": "minecraft:map_preview/20.png","ascent": 10,"height": 100,"chars": ["\uE720"],"shift": [0.0, 0.0]},
	  {"type": "bitmap","file": "minecraft:map_preview/21.png","ascent": 10,"height": 100,"chars": ["\uE721"],"shift": [0.0, 0.0]},
	  {"type": "bitmap","file": "minecraft:map_preview/22.png","ascent": 10,"height": 100,"chars": ["\uE722"],"shift": [0.0, 0.0]},
	  {"type": "bitmap","file": "minecraft:map_preview/23.png","ascent": 10,"height": 100,"chars": ["\uE723"],"shift": [0.0, 0.0]},
	  {"type": "bitmap","file": "minecraft:map_preview/24.png","ascent": 10,"height": 100,"chars": ["\uE724"],"shift": [0.0, 0.0]},
	  {"type": "bitmap","file": "minecraft:map_preview/25.png","ascent": 10,"height": 100,"chars": ["\uE725"],"shift": [0.0, 0.0]},
	  {"type": "bitmap","file": "minecraft:map_preview/26.png","ascent": 10,"height": 100,"chars": ["\uE726"],"shift": [0.0, 0.0]},
	  {"type": "bitmap","file": "minecraft:map_preview/27.png","ascent": 10,"height": 100,"chars": ["\uE727"],"shift": [0.0, 0.0]},
	  {"type": "bitmap","file": "minecraft:map_preview/28.png","ascent": 10,"height": 100,"chars": ["\uE728"],"shift": [0.0, 0.0]},
	  {"type": "bitmap","file": "minecraft:map_preview/29.png","ascent": 10,"height": 100,"chars": ["\uE729"],"shift": [0.0, 0.0]},
	  {"type": "bitmap","file": "minecraft:map_preview/30.png","ascent": 10,"height": 100,"chars": ["\uE730"],"shift": [0.0, 0.0]},
	  {"type": "bitmap","file": "minecraft:map_preview/31.png","ascent": 10,"height": 100,"chars": ["\uE731"],"shift": [0.0, 0.0]},
	  {"type": "bitmap","file": "minecraft:map_preview/32.png","ascent": 10,"height": 100,"chars": ["\uE732"],"shift": [0.0, 0.0]},
	  {"type": "bitmap","file": "minecraft:map_preview/33.png","ascent": 10,"height": 100,"chars": ["\uE733"],"shift": [0.0, 0.0]},
	  {"type": "bitmap","file": "minecraft:map_preview/34.png","ascent": 10,"height": 100,"chars": ["\uE734"],"shift": [0.0, 0.0]},
	  {"type": "bitmap","file": "minecraft:map_preview/35.png","ascent": 10,"height": 100,"chars": ["\uE735"],"shift": [0.0, 0.0]},
	  {"type": "bitmap","file": "minecraft:map_preview/36.png","ascent": 10,"height": 100,"chars": ["\uE736"],"shift": [0.0, 0.0]},
	  {"type": "bitmap","file": "minecraft:map_preview/37.png","ascent": 10,"height": 100,"chars": ["\uE737"],"shift": [0.0, 0.0]},
	  {"type": "bitmap","file": "minecraft:map_preview/38.png","ascent": 10,"height": 100,"chars": ["\uE738"],"shift": [0.0, 0.0]},
	  {"type": "bitmap","file": "minecraft:map_preview/39.png","ascent": 10,"height": 100,"chars": ["\uE739"],"shift": [0.0, 0.0]},
	  {"type": "bitmap","file": "minecraft:map_preview/40.png","ascent": 10,"height": 100,"chars": ["\uE740"],"shift": [0.0, 0.0]},
	  {"type": "bitmap","file": "minecraft:map_preview/41.png","ascent": 10,"height": 100,"chars": ["\uE741"],"shift": [0.0, 0.0]},
	  {"type": "bitmap","file": "minecraft:map_preview/42.png","ascent": 10,"height": 100,"chars": ["\uE742"],"shift": [0.0, 0.0]},
	  {"type": "bitmap","file": "minecraft:map_preview/43.png","ascent": 10,"height": 100,"chars": ["\uE743"],"shift": [0.0, 0.0]},
	  {"type": "bitmap","file": "minecraft:map_preview/44.png","ascent": 10,"height": 100,"chars": ["\uE744"],"shift": [0.0, 0.0]},
	  {"type": "bitmap","file": "minecraft:map_preview/45.png","ascent": 10,"height": 100,"chars": ["\uE745"],"shift": [0.0, 0.0]},
	  {"type": "bitmap","file": "minecraft:map_preview/46.png","ascent": 10,"height": 100,"chars": ["\uE746"],"shift": [0.0, 0.0]},
	  {"type": "bitmap","file": "minecraft:map_preview/47.png","ascent": 10,"height": 100,"chars": ["\uE747"],"shift": [0.0, 0.0]},
	  {"type": "bitmap","file": "minecraft:map_preview/48.png","ascent": 10,"height": 100,"chars": ["\uE748"],"shift": [0.0, 0.0]},
	  
	  
	  {"type": "bitmap","file": "minecraft:map_preview/50.png","ascent": 10,"height": 100,"chars": ["\uE750"],"shift": [0.0, 0.0]},
	  
	  
	  
	  {"type": "bitmap","file": "minecraft:map_preview/1001.png","ascent": 10,"height": 100,"chars": ["\uE801"],"shift": [0.0, 0.0]},
	  {"type": "bitmap","file": "minecraft:map_preview/1002.png","ascent": 10,"height": 100,"chars": ["\uE802"],"shift": [0.0, 0.0]},
	  {"type": "bitmap","file": "minecraft:map_preview/1003.png","ascent": 10,"height": 100,"chars": ["\uE803"],"shift": [0.0, 0.0]},
	  {"type": "bitmap","file": "minecraft:map_preview/1004.png","ascent": 10,"height": 100,"chars": ["\uE804"],"shift": [0.0, 0.0]},
	  {"type": "bitmap","file": "minecraft:map_preview/1005.png","ascent": 10,"height": 100,"chars": ["\uE805"],"shift": [0.0, 0.0]},
	  {"type": "bitmap","file": "minecraft:map_preview/1006.png","ascent": 10,"height": 100,"chars": ["\uE806"],"shift": [0.0, 0.0]},
	  {"type": "bitmap","file": "minecraft:map_preview/1007.png","ascent": 10,"height": 100,"chars": ["\uE807"],"shift": [0.0, 0.0]},
	  {"type": "bitmap","file": "minecraft:map_preview/1008.png","ascent": 10,"height": 100,"chars": ["\uE808"],"shift": [0.0, 0.0]},
	  {"type": "bitmap","file": "minecraft:map_preview/1009.png","ascent": 10,"height": 100,"chars": ["\uE809"],"shift": [0.0, 0.0]},
	  {"type": "bitmap","file": "minecraft:map_preview/1010.png","ascent": 10,"height": 100,"chars": ["\uE810"],"shift": [0.0, 0.0]},
	  {"type": "bitmap","file": "minecraft:map_preview/1011.png","ascent": 10,"height": 100,"chars": ["\uE811"],"shift": [0.0, 0.0]},
	  {"type": "bitmap","file": "minecraft:map_preview/1012.png","ascent": 10,"height": 100,"chars": ["\uE812"],"shift": [0.0, 0.0]},
	  {"type": "bitmap","file": "minecraft:map_preview/1013.png","ascent": 10,"height": 100,"chars": ["\uE813"],"shift": [0.0, 0.0]},
	  {"type": "bitmap","file": "minecraft:map_preview/1014.png","ascent": 10,"height": 100,"chars": ["\uE814"],"shift": [0.0, 0.0]},
	  {"type": "bitmap","file": "minecraft:map_preview/1015.png","ascent": 10,"height": 100,"chars": ["\uE815"],"shift": [0.0, 0.0]},
	  {"type": "bitmap","file": "minecraft:map_preview/1016.png","ascent": 10,"height": 100,"chars": ["\uE816"],"shift": [0.0, 0.0]},
	  {"type": "bitmap","file": "minecraft:map_preview/1017.png","ascent": 10,"height": 100,"chars": ["\uE817"],"shift": [0.0, 0.0]},
	  
	  {"type": "bitmap","file": "minecraft:map_preview/1050.png","ascent": 10,"height": 100,"chars": ["\uE850"],"shift": [0.0, 0.0]},
	  
	  
	  
	  
	  
	  
	  {"type": "bitmap","file": "minecraft:custom_sr_hud/connector_4px.png","ascent": 6,"height": 32,"chars": ["\uE901"],"shift": [0.0, 0.0]},
	  {"type": "bitmap","file": "minecraft:custom_sr_hud/connector_8px.png","ascent": 6,"height": 32,"chars": ["\uE902"],"shift": [0.0, 0.0]},
	  {"type": "bitmap","file": "minecraft:custom_sr_hud/end_left.png","ascent": 6,"height": 32,"chars": ["\uE903"],"shift": [0.0, 0.0]},
	  {"type": "bitmap","file": "minecraft:custom_sr_hud/end_right.png","ascent": 6,"height": 32,"chars": ["\uE904"],"shift": [0.0, 0.0]},
	  {"type": "bitmap","file": "minecraft:custom_sr_hud/lap_flag.png","ascent": 6,"height": 32,"chars": ["\uE905"],"shift": [0.0, 0.0]},
	  {"type": "bitmap","file": "minecraft:custom_sr_hud/num_0.png","ascent": 6,"height": 32,"chars": ["\uE906"],"shift": [0.0, 0.0]},
	  {"type": "bitmap","file": "minecraft:custom_sr_hud/num_1.png","ascent": 6,"height": 32,"chars": ["\uE907"],"shift": [0.0, 0.0]},
	  {"type": "bitmap","file": "minecraft:custom_sr_hud/num_2.png","ascent": 6,"height": 32,"chars": ["\uE908"],"shift": [0.0, 0.0]},
	  {"type": "bitmap","file": "minecraft:custom_sr_hud/num_3.png","ascent": 6,"height": 32,"chars": ["\uE909"],"shift": [0.0, 0.0]},
	  {"type": "bitmap","file": "minecraft:custom_sr_hud/num_4.png","ascent": 6,"height": 32,"chars": ["\uE910"],"shift": [0.0, 0.0]},
	  {"type": "bitmap","file": "minecraft:custom_sr_hud/num_5.png","ascent": 6,"height": 32,"chars": ["\uE911"],"shift": [0.0, 0.0]},
	  {"type": "bitmap","file": "minecraft:custom_sr_hud/num_6.png","ascent": 6,"height": 32,"chars": ["\uE912"],"shift": [0.0, 0.0]},
	  {"type": "bitmap","file": "minecraft:custom_sr_hud/num_7.png","ascent": 6,"height": 32,"chars": ["\uE913"],"shift": [0.0, 0.0]},
	  {"type": "bitmap","file": "minecraft:custom_sr_hud/num_8.png","ascent": 6,"height": 32,"chars": ["\uE914"],"shift": [0.0, 0.0]},
	  {"type": "bitmap","file": "minecraft:custom_sr_hud/num_9.png","ascent": 6,"height": 32,"chars": ["\uE915"],"shift": [0.0, 0.0]},
	  {"type": "bitmap","file": "minecraft:custom_sr_hud/num_colon.png","ascent": 6,"height": 32,"chars": ["\uE916"],"shift": [0.0, 0.0]},
	  {"type": "bitmap","file": "minecraft:custom_sr_hud/num_slash.png","ascent": 6,"height": 32,"chars": ["\uE917"],"shift": [0.0, 0.0]},
	  {"type": "bitmap","file": "minecraft:custom_sr_hud/timer_big.png","ascent": 6,"height": 32,"chars": ["\uE918"],"shift": [0.0, 0.0]},
	  {"type": "bitmap","file": "minecraft:custom_sr_hud/connector_14px.png","ascent": 6,"height": 32,"chars": ["\uE919"],"shift": [0.0, 0.0]},
	  {"type": "bitmap","file": "minecraft:custom_sr_hud/num_blank.png","ascent": 6,"height": 32,"chars": ["\uE920"],"shift": [0.0, 0.0]},
	  {"type": "bitmap","file": "minecraft:custom_sr_hud/connector_7px.png","ascent": 6,"height": 32,"chars": ["\uE921"],"shift": [0.0, 0.0]},
	  {"type": "bitmap","file": "minecraft:custom_sr_hud/kos_big.png","ascent": 6,"height": 32,"chars": ["\uE922"],"shift": [0.0, 0.0]},
	  {"type": "bitmap","file": "minecraft:custom_sr_hud/lives_big.png","ascent": 6,"height": 32,"chars": ["\uE923"],"shift": [0.0, 0.0]},
	  {"type": "bitmap","file": "minecraft:custom_sr_hud/target_big.png","ascent": 6,"height": 32,"chars": ["\uE924"],"shift": [0.0, 0.0]},
	  {"type": "bitmap","file": "minecraft:custom_sr_hud/tiny_0.png","ascent": 6,"height": 32,"chars": ["\uE925"],"shift": [0.0, 0.0]},
	  {"type": "bitmap","file": "minecraft:custom_sr_hud/tiny_1.png","ascent": 6,"height": 32,"chars": ["\uE926"],"shift": [0.0, 0.0]},
	  {"type": "bitmap","file": "minecraft:custom_sr_hud/tiny_2.png","ascent": 6,"height": 32,"chars": ["\uE927"],"shift": [0.0, 0.0]},
	  {"type": "bitmap","file": "minecraft:custom_sr_hud/tiny_3.png","ascent": 6,"height": 32,"chars": ["\uE928"],"shift": [0.0, 0.0]},
	  {"type": "bitmap","file": "minecraft:custom_sr_hud/tiny_4.png","ascent": 6,"height": 32,"chars": ["\uE929"],"shift": [0.0, 0.0]},
	  {"type": "bitmap","file": "minecraft:custom_sr_hud/tiny_5.png","ascent": 6,"height": 32,"chars": ["\uE930"],"shift": [0.0, 0.0]},
	  {"type": "bitmap","file": "minecraft:custom_sr_hud/tiny_6.png","ascent": 6,"height": 32,"chars": ["\uE931"],"shift": [0.0, 0.0]},
	  {"type": "bitmap","file": "minecraft:custom_sr_hud/tiny_7.png","ascent": 6,"height": 32,"chars": ["\uE932"],"shift": [0.0, 0.0]},
	  {"type": "bitmap","file": "minecraft:custom_sr_hud/tiny_8.png","ascent": 6,"height": 32,"chars": ["\uE933"],"shift": [0.0, 0.0]},
	  {"type": "bitmap","file": "minecraft:custom_sr_hud/tiny_9.png","ascent": 6,"height": 32,"chars": ["\uE934"],"shift": [0.0, 0.0]},
	  {"type": "bitmap","file": "minecraft:custom_sr_hud/tiny_slash.png","ascent": 6,"height": 32,"chars": ["\uE935"],"shift": [0.0, 0.0]}	  
	]
}
